{
  "animation_speed": 160,
  "curve_points": [
    [
      0.1796875,
      0.75481904
    ],
    [
      0.546875,
      0.9894158
    ]
  ]
}